Wan Shi Tong,Jl. Perpustakaan; Tengah Gurun 40135,wshitong997,867e611573f127f5c8e59b491bcd84c2e1bc4634fee900328b1abc58,Pengunjung
ozer0532,Jl. Buntu ODXXXII; Rumah Saya 00532,ozer0532,dd802a7809fb099c71b5c29fed7e27295cbf4efca24f0cea997e8112,Admin
Tuan Yon,Labtek V HMIF; Jl. Ganesa ten,TuanYonpti,f0c709b0e40f80c153000c9a5e074dccb0f327b5a44a03d4b3b79b31,Pengunjung
John Doe,Example Address; Example City 12345,johnDoe,c3f847612c3780385a859a1993dfd9fe7c4e6d7f477148e527e9374c,Pengunjung
Kerang Ajaib,Bikini Bottom; Tengah Laut 10101,krgAjibOWOWOWOWO,c8bfdcaa24f6bce5b14fa1fedcba81bf74d1e491e00ba72654be1c3d,
